# Time,Power_Norm,EE_Norm,Cum_Energy_Norm
0.000,0.240,0.279,0.000
1.000,0.206,0.020,0.000
2.000,0.226,0.014,0.001
3.000,0.243,0.034,0.001
4.000,0.259,0.084,0.001
5.000,0.269,0.128,0.001
6.000,0.235,0.053,0.001
7.000,0.239,0.047,0.002
8.000,0.270,0.116,0.002
9.000,0.297,0.198,0.002
10.000,0.272,0.131,0.002
11.000,0.270,0.139,0.002
12.000,0.280,0.132,0.003
13.000,0.282,0.167,0.003
14.000,0.267,0.124,0.003
15.000,0.263,0.103,0.003
16.000,0.260,0.094,0.004
17.000,0.267,0.114,0.004
18.000,0.258,0.092,0.004
19.000,0.256,0.083,0.004
20.000,0.275,0.155,0.004
21.000,0.281,0.160,0.005
22.000,0.300,0.223,0.005
23.000,0.297,0.211,0.005
24.000,0.278,0.161,0.005
25.000,0.273,0.140,0.005
26.000,0.280,0.162,0.006
27.000,0.288,0.180,0.006
28.000,0.289,0.173,0.006
29.000,0.283,0.163,0.006
30.000,0.285,0.184,0.007
31.000,0.293,0.192,0.007
32.000,0.299,0.212,0.007
33.000,0.294,0.198,0.007
34.000,0.268,0.141,0.008
35.000,0.313,0.180,0.008
36.000,0.269,0.149,0.008
37.000,0.248,0.071,0.008
38.000,0.264,0.146,0.008
39.000,0.296,0.194,0.009
40.000,0.288,0.180,0.009
41.000,0.292,0.195,0.009
42.000,0.274,0.165,0.009
43.000,0.295,0.206,0.010
44.000,0.302,0.226,0.010
45.000,0.293,0.201,0.010
46.000,0.274,0.181,0.010
47.000,0.291,0.187,0.011
48.000,0.273,0.136,0.011
49.000,0.269,0.111,0.011
50.000,0.278,0.172,0.011
51.000,0.310,0.162,0.011
52.000,0.273,0.221,0.012
53.000,0.288,0.181,0.012
54.000,0.285,0.195,0.012
55.000,0.294,0.201,0.012
56.000,0.280,0.153,0.013
57.000,0.286,0.170,0.013
58.000,0.265,0.147,0.013
59.000,0.285,0.162,0.013
60.000,0.301,0.212,0.013
61.000,0.293,0.164,0.014
62.000,0.282,0.193,0.014
63.000,0.299,0.190,0.014
64.000,0.279,0.150,0.014
65.000,0.277,0.154,0.015
66.000,0.284,0.192,0.015
67.000,0.296,0.192,0.015
68.000,0.281,0.144,0.015
69.000,0.262,0.098,0.016
70.000,0.260,0.112,0.016
71.000,0.293,0.187,0.016
72.000,0.289,0.173,0.016
73.000,0.314,0.234,0.016
74.000,0.292,0.196,0.017
75.000,0.274,0.128,0.017
76.000,0.294,0.188,0.017
77.000,0.300,0.213,0.017
78.000,0.298,0.227,0.018
79.000,0.325,0.220,0.018
80.000,0.292,0.209,0.018
81.000,0.279,0.179,0.018
82.000,0.306,0.178,0.019
83.000,0.277,0.173,0.019
84.000,0.275,0.152,0.019
85.000,0.280,0.159,0.019
86.000,0.274,0.153,0.019
87.000,0.291,0.192,0.020
88.000,0.281,0.168,0.020
89.000,0.291,0.197,0.020
90.000,0.291,0.196,0.020
91.000,0.287,0.179,0.021
92.000,0.284,0.163,0.021
93.000,0.288,0.188,0.021
94.000,0.287,0.179,0.021
95.000,0.291,0.189,0.022
96.000,0.283,0.183,0.022
97.000,0.285,0.181,0.022
98.000,0.282,0.171,0.022
99.000,0.279,0.156,0.022
100.000,0.281,0.161,0.023
101.000,0.262,0.111,0.023
102.000,0.246,0.095,0.023
103.000,0.270,0.128,0.023
104.000,0.288,0.177,0.024
105.000,0.300,0.187,0.024
106.000,0.302,0.218,0.024
107.000,0.276,0.151,0.024
108.000,0.290,0.178,0.024
109.000,0.276,0.176,0.025
110.000,0.284,0.175,0.025
111.000,0.285,0.183,0.025
112.000,0.273,0.152,0.025
113.000,0.281,0.201,0.026
114.000,0.326,0.203,0.026
115.000,0.282,0.186,0.026
116.000,0.294,0.174,0.026
117.000,0.277,0.196,0.027
118.000,0.295,0.194,0.027
119.000,0.288,0.184,0.027
120.000,0.289,0.178,0.027
121.000,0.276,0.157,0.027
122.000,0.292,0.191,0.028
123.000,0.292,0.181,0.028
124.000,0.290,0.180,0.028
125.000,0.282,0.194,0.028
126.000,0.284,0.162,0.029
127.000,0.283,0.157,0.029
128.000,0.292,0.176,0.029
129.000,0.293,0.202,0.029
130.000,0.290,0.184,0.030
131.000,0.273,0.117,0.030
132.000,0.285,0.164,0.030
133.000,0.279,0.172,0.030
134.000,0.286,0.163,0.030
135.000,0.297,0.189,0.031
136.000,0.281,0.161,0.031
137.000,0.285,0.180,0.031
138.000,0.302,0.198,0.031
139.000,0.272,0.136,0.032
140.000,0.286,0.175,0.032
141.000,0.310,0.184,0.032
142.000,0.306,0.228,0.032
143.000,0.290,0.183,0.033
144.000,0.288,0.186,0.033
145.000,0.283,0.181,0.033
146.000,0.277,0.151,0.033
147.000,0.284,0.164,0.033
148.000,0.262,0.120,0.034
149.000,0.256,0.102,0.034
150.000,0.255,0.092,0.034
151.000,0.272,0.134,0.034
152.000,0.258,0.109,0.034
153.000,0.259,0.120,0.035
154.000,0.287,0.181,0.035
155.000,0.302,0.210,0.035
156.000,0.291,0.200,0.035
157.000,0.289,0.197,0.036
158.000,0.294,0.194,0.036
159.000,0.288,0.183,0.036
160.000,0.283,0.184,0.036
161.000,0.275,0.157,0.037
162.000,0.292,0.188,0.037
163.000,0.283,0.159,0.037
164.000,0.272,0.139,0.037
165.000,0.280,0.156,0.037
166.000,0.287,0.163,0.038
167.000,0.292,0.188,0.038
168.000,0.295,0.176,0.038
169.000,0.279,0.157,0.038
170.000,0.276,0.145,0.039
171.000,0.285,0.173,0.039
172.000,0.265,0.130,0.039
173.000,0.283,0.153,0.039
174.000,0.279,0.142,0.039
175.000,0.282,0.156,0.040
176.000,0.279,0.161,0.040
177.000,0.272,0.127,0.040
178.000,0.280,0.146,0.040
179.000,0.291,0.188,0.041
180.000,0.294,0.197,0.041
181.000,0.285,0.161,0.041
182.000,0.293,0.180,0.041
183.000,0.298,0.192,0.042
184.000,0.289,0.201,0.042
185.000,0.296,0.204,0.042
186.000,0.293,0.192,0.042
187.000,0.295,0.173,0.042
188.000,0.264,0.149,0.043
189.000,0.288,0.162,0.043
190.000,0.286,0.176,0.043
191.000,0.289,0.180,0.043
192.000,0.279,0.164,0.044
193.000,0.278,0.153,0.044
194.000,0.283,0.165,0.044
195.000,0.290,0.171,0.044
196.000,0.275,0.168,0.044
197.000,0.283,0.154,0.045
198.000,0.278,0.158,0.045
199.000,0.278,0.153,0.045
200.000,0.275,0.175,0.045
201.000,0.283,0.159,0.046
202.000,0.279,0.158,0.046
203.000,0.299,0.212,0.046
204.000,0.286,0.195,0.046
205.000,0.283,0.170,0.047
206.000,0.273,0.137,0.047
207.000,0.282,0.155,0.047
208.000,0.273,0.177,0.047
209.000,0.288,0.174,0.047
210.000,0.273,0.157,0.048
211.000,0.298,0.184,0.048
212.000,0.278,0.182,0.048
213.000,0.279,0.153,0.048
214.000,0.288,0.177,0.049
215.000,0.293,0.169,0.049
216.000,0.272,0.151,0.049
217.000,0.287,0.159,0.049
218.000,0.268,0.138,0.049
219.000,0.269,0.125,0.050
220.000,0.253,0.085,0.050
221.000,0.270,0.103,0.050
222.000,0.265,0.116,0.050
223.000,0.271,0.168,0.051
224.000,0.274,0.145,0.051
225.000,0.301,0.180,0.051
226.000,0.310,0.223,0.051
227.000,0.302,0.230,0.051
228.000,0.300,0.221,0.052
229.000,0.298,0.214,0.052
230.000,0.269,0.141,0.052
231.000,0.280,0.176,0.052
232.000,0.292,0.205,0.053
233.000,0.300,0.195,0.053
234.000,0.275,0.147,0.053
235.000,0.268,0.132,0.053
236.000,0.294,0.191,0.054
237.000,0.285,0.164,0.054
238.000,0.287,0.173,0.054
239.000,0.295,0.192,0.054
240.000,0.280,0.165,0.054
241.000,0.275,0.154,0.055
242.000,0.290,0.195,0.055
243.000,0.288,0.199,0.055
244.000,0.291,0.192,0.055
245.000,0.286,0.182,0.056
246.000,0.294,0.204,0.056
247.000,0.281,0.184,0.056
248.000,0.289,0.192,0.056
249.000,0.305,0.212,0.057
250.000,0.299,0.218,0.057
251.000,0.292,0.229,0.057
252.000,0.291,0.226,0.057
253.000,0.307,0.260,0.057
254.000,0.309,0.281,0.058
255.000,0.315,0.307,0.058
256.000,0.320,0.324,0.058
257.000,0.327,0.333,0.059
258.000,0.333,0.377,0.059
259.000,0.380,0.388,0.059
260.000,0.316,0.393,0.059
261.000,0.316,0.360,0.060
262.000,0.338,0.396,0.060
263.000,0.359,0.439,0.060
264.000,0.371,0.460,0.060
265.000,0.381,0.472,0.061
266.000,0.371,0.460,0.061
267.000,0.350,0.463,0.061
268.000,0.349,0.456,0.062
269.000,0.384,0.494,0.062
270.000,0.390,0.486,0.062
271.000,0.371,0.513,0.063
272.000,0.394,0.519,0.063
273.000,0.401,0.532,0.063
274.000,0.375,0.509,0.063
275.000,0.359,0.507,0.064
276.000,0.377,0.518,0.064
277.000,0.404,0.541,0.064
278.000,0.451,0.520,0.065
279.000,0.482,0.533,0.065
280.000,0.441,0.605,0.065
281.000,0.403,0.551,0.066
282.000,0.399,0.548,0.066
283.000,0.402,0.544,0.066
284.000,0.418,0.546,0.067
285.000,0.403,0.547,0.067
286.000,0.399,0.536,0.067
287.000,0.406,0.551,0.068
288.000,0.409,0.566,0.068
289.000,0.438,0.575,0.068
290.000,0.448,0.574,0.069
291.000,0.446,0.580,0.069
292.000,0.422,0.578,0.069
293.000,0.409,0.556,0.070
294.000,0.413,0.574,0.070
295.000,0.395,0.570,0.070
296.000,0.394,0.568,0.071
297.000,0.412,0.572,0.071
298.000,0.421,0.589,0.071
299.000,0.574,0.520,0.072
300.000,0.476,0.676,0.072
301.000,0.450,0.615,0.073
302.000,0.411,0.583,0.073
303.000,0.508,0.551,0.073
304.000,0.448,0.646,0.074
305.000,0.474,0.592,0.074
306.000,0.455,0.632,0.074
307.000,0.415,0.623,0.075
308.000,0.411,0.610,0.075
309.000,0.424,0.612,0.075
310.000,0.453,0.625,0.076
311.000,0.527,0.574,0.076
312.000,0.454,0.702,0.077
313.000,0.482,0.628,0.077
314.000,0.472,0.660,0.077
315.000,0.481,0.640,0.078
316.000,0.539,0.615,0.078
317.000,0.468,0.706,0.079
318.000,0.460,0.644,0.079
319.000,0.453,0.666,0.079
320.000,0.468,0.645,0.080
321.000,0.455,0.664,0.080
322.000,0.563,0.575,0.080
323.000,0.486,0.731,0.081
324.000,0.517,0.643,0.081
325.000,0.511,0.660,0.082
326.000,0.468,0.701,0.082
327.000,0.523,0.616,0.082
328.000,0.555,0.643,0.083
329.000,0.499,0.711,0.083
330.000,0.504,0.659,0.084
331.000,0.545,0.650,0.084
332.000,0.504,0.691,0.085
333.000,0.507,0.658,0.085
334.000,0.576,0.644,0.085
335.000,0.498,0.712,0.086
336.000,0.485,0.665,0.086
337.000,0.495,0.665,0.087
338.000,0.481,0.672,0.087
339.000,0.488,0.679,0.087
340.000,0.512,0.666,0.088
341.000,0.501,0.693,0.088
342.000,0.516,0.661,0.089
343.000,0.511,0.665,0.089
344.000,0.523,0.673,0.089
345.000,0.526,0.673,0.090
346.000,0.524,0.690,0.090
347.000,0.502,0.689,0.091
348.000,0.503,0.687,0.091
349.000,0.490,0.695,0.091
350.000,0.495,0.670,0.092
351.000,0.498,0.679,0.092
352.000,0.477,0.650,0.093
353.000,0.585,0.646,0.093
354.000,0.603,0.651,0.094
355.000,0.514,0.732,0.094
356.000,0.511,0.681,0.094
357.000,0.509,0.678,0.095
358.000,0.520,0.657,0.095
359.000,0.522,0.672,0.096
360.000,0.511,0.685,0.096
361.000,0.509,0.681,0.097
362.000,0.495,0.695,0.097
363.000,0.495,0.680,0.097
364.000,0.586,0.638,0.098
365.000,0.522,0.718,0.098
366.000,0.527,0.676,0.099
367.000,0.518,0.707,0.099
368.000,0.490,0.703,0.099
369.000,0.554,0.649,0.100
370.000,0.522,0.710,0.100
371.000,0.529,0.694,0.101
372.000,0.550,0.688,0.101
373.000,0.529,0.722,0.102
374.000,0.605,0.669,0.102
375.000,0.580,0.702,0.103
376.000,0.519,0.747,0.103
377.000,0.533,0.720,0.103
378.000,0.583,0.711,0.104
379.000,0.645,0.690,0.104
380.000,0.586,0.743,0.105
381.000,0.631,0.706,0.105
382.000,0.618,0.699,0.106
383.000,0.545,0.731,0.106
384.000,0.613,0.692,0.107
385.000,0.533,0.747,0.107
386.000,0.567,0.714,0.108
387.000,0.528,0.739,0.108
388.000,0.551,0.719,0.108
389.000,0.546,0.726,0.109
390.000,0.543,0.715,0.109
391.000,0.530,0.722,0.110
392.000,0.599,0.691,0.110
393.000,0.612,0.703,0.111
394.000,0.537,0.756,0.111
395.000,0.626,0.705,0.112
396.000,0.525,0.752,0.112
397.000,0.599,0.684,0.113
398.000,0.549,0.727,0.113
399.000,0.542,0.733,0.113
400.000,0.526,0.728,0.114
401.000,0.608,0.682,0.114
402.000,0.387,0.782,0.115
403.000,0.642,0.679,0.115
404.000,0.609,0.741,0.116
405.000,0.583,0.698,0.116
406.000,0.643,0.706,0.117
407.000,0.558,0.730,0.117
408.000,0.620,0.693,0.118
409.000,0.573,0.745,0.118
410.000,0.616,0.724,0.119
411.000,0.576,0.730,0.119
412.000,0.681,0.700,0.120
413.000,0.655,0.730,0.120
414.000,0.609,0.735,0.121
415.000,0.570,0.739,0.121
416.000,0.602,0.736,0.122
417.000,0.550,0.785,0.122
418.000,0.671,0.713,0.122
419.000,0.582,0.766,0.123
420.000,0.701,0.715,0.124
421.000,0.640,0.741,0.124
422.000,0.630,0.741,0.125
423.000,0.631,0.776,0.125
424.000,0.621,0.813,0.126
425.000,0.617,0.823,0.126
426.000,0.636,0.805,0.127
427.000,0.624,0.272,0.127
428.000,0.623,0.218,0.128
429.000,0.619,0.213,0.128
430.000,0.607,0.102,0.129
431.000,0.599,0.178,0.129
432.000,0.609,0.243,0.129
433.000,0.594,0.102,0.130
434.000,0.597,0.189,0.130
435.000,0.613,0.204,0.131
436.000,0.570,0.092,0.131
437.000,0.612,0.205,0.132
438.000,0.606,0.121,0.132
439.000,0.578,0.208,0.133
440.000,0.588,0.103,0.133
441.000,0.579,0.200,0.134
442.000,0.585,0.107,0.134
443.000,0.571,0.198,0.135
444.000,0.595,0.098,0.135
445.000,0.577,0.182,0.136
446.000,0.617,0.253,0.136
447.000,0.556,0.058,0.137
448.000,0.597,0.228,0.137
449.000,0.566,0.056,0.137
450.000,0.597,0.226,0.138
451.000,0.555,0.056,0.138
452.000,0.446,0.173,0.139
453.000,0.568,0.122,0.139
454.000,0.610,0.248,0.140
455.000,0.557,0.055,0.140
456.000,0.612,0.222,0.141
457.000,0.568,0.055,0.141
458.000,0.597,0.227,0.142
459.000,0.557,0.054,0.142
460.000,0.598,0.204,0.143
461.000,0.596,0.071,0.143
462.000,0.581,0.239,0.143
463.000,0.553,0.054,0.144
464.000,0.601,0.228,0.144
465.000,0.563,0.054,0.145
466.000,0.595,0.228,0.145
467.000,0.550,0.054,0.146
468.000,0.598,0.208,0.146
469.000,0.590,0.121,0.147
470.000,0.573,0.193,0.147
471.000,0.566,0.057,0.148
472.000,0.587,0.232,0.148
473.000,0.558,0.053,0.149
474.000,0.589,0.237,0.149
475.000,0.560,0.053,0.149
476.000,0.595,0.206,0.150
477.000,0.616,0.174,0.150
478.000,0.553,0.135,0.151
479.000,0.588,0.088,0.151
480.000,0.576,0.203,0.152
481.000,0.569,0.058,0.152
482.000,0.582,0.231,0.153
483.000,0.564,0.052,0.153
484.000,0.596,0.210,0.154
485.000,0.604,0.221,0.154
486.000,0.552,0.086,0.155
487.000,0.593,0.129,0.155
488.000,0.581,0.157,0.156
489.000,0.572,0.084,0.156
490.000,0.580,0.208,0.156
491.000,0.563,0.056,0.157
492.000,0.583,0.214,0.157
493.000,0.666,0.228,0.158
494.000,0.558,0.058,0.158
495.000,0.609,0.223,0.159
496.000,0.559,0.065,0.159
497.000,0.588,0.184,0.160
498.000,0.555,0.108,0.160
499.000,0.596,0.097,0.161
500.000,0.564,0.173,0.161
501.000,0.606,0.252,0.162
502.000,0.399,0.053,0.162
503.000,0.600,0.123,0.162
504.000,0.574,0.169,0.163
505.000,0.575,0.073,0.163
506.000,0.567,0.222,0.164
507.000,0.569,0.052,0.164
508.000,0.590,0.213,0.165
509.000,0.601,0.236,0.165
510.000,0.553,0.075,0.166
511.000,0.594,0.136,0.166
512.000,0.588,0.153,0.167
513.000,0.570,0.079,0.167
514.000,0.567,0.214,0.167
515.000,0.557,0.053,0.168
516.000,0.585,0.216,0.168
517.000,0.605,0.227,0.169
518.000,0.555,0.084,0.169
519.000,0.588,0.131,0.170
520.000,0.559,0.163,0.170
521.000,0.571,0.065,0.171
522.000,0.580,0.225,0.171
523.000,0.550,0.053,0.172
524.000,0.585,0.209,0.172
525.000,0.621,0.202,0.173
526.000,0.557,0.101,0.173
527.000,0.573,0.112,0.173
528.000,0.596,0.178,0.174
529.000,0.574,0.068,0.174
530.000,0.573,0.225,0.175
531.000,0.558,0.052,0.175
532.000,0.587,0.216,0.176
533.000,0.613,0.218,0.176
534.000,0.565,0.084,0.177
535.000,0.592,0.147,0.177
536.000,0.558,0.147,0.178
537.000,0.578,0.071,0.178
538.000,0.581,0.217,0.179
539.000,0.551,0.053,0.179
540.000,0.580,0.213,0.179
541.000,0.598,0.216,0.180
542.000,0.564,0.092,0.180
543.000,0.583,0.113,0.181
544.000,0.585,0.179,0.181
545.000,0.575,0.065,0.182
546.000,0.578,0.228,0.182
547.000,0.562,0.052,0.183
548.000,0.594,0.211,0.183
549.000,0.602,0.223,0.184
550.000,0.551,0.085,0.184
551.000,0.578,0.116,0.185
552.000,0.422,0.221,0.185
553.000,0.561,0.052,0.185
554.000,0.591,0.237,0.186
555.000,0.561,0.052,0.186
556.000,0.587,0.214,0.187
557.000,0.576,0.073,0.187
558.000,0.589,0.236,0.188
559.000,0.566,0.052,0.188
560.000,0.604,0.229,0.189
561.000,0.551,0.053,0.189
562.000,0.585,0.240,0.190
563.000,0.558,0.052,0.190
564.000,0.602,0.210,0.190
565.000,0.592,0.076,0.191
566.000,0.580,0.239,0.191
567.000,0.547,0.053,0.192
568.000,0.602,0.234,0.192
569.000,0.554,0.053,0.193
570.000,0.597,0.234,0.193
571.000,0.562,0.052,0.194
572.000,0.606,0.212,0.194
573.000,0.583,0.079,0.195
574.000,0.587,0.234,0.195
575.000,0.570,0.052,0.196
576.000,0.590,0.235,0.196
577.000,0.554,0.052,0.196
578.000,0.606,0.226,0.197
579.000,0.558,0.053,0.197
580.000,0.600,0.209,0.198
581.000,0.585,0.100,0.198
582.000,0.574,0.215,0.199
583.000,0.566,0.052,0.199
584.000,0.591,0.235,0.200
585.000,0.555,0.053,0.200
586.000,0.602,0.230,0.201
587.000,0.555,0.053,0.201
588.000,0.597,0.211,0.202
589.000,0.595,0.096,0.202
590.000,0.581,0.215,0.203
591.000,0.572,0.054,0.203
592.000,0.597,0.231,0.203
593.000,0.567,0.053,0.204
594.000,0.593,0.235,0.204
595.000,0.568,0.051,0.205
596.000,0.593,0.212,0.205
597.000,0.594,0.122,0.206
598.000,0.577,0.189,0.206
599.000,0.583,0.058,0.207
600.000,0.582,0.229,0.207
601.000,0.554,0.052,0.208
602.000,0.447,0.291,0.208
603.000,0.552,0.052,0.208
604.000,0.660,0.190,0.209
605.000,0.587,0.072,0.209
606.000,0.576,0.216,0.210
607.000,0.608,0.233,0.210
608.000,0.554,0.080,0.211
609.000,0.614,0.290,0.211
610.000,0.569,0.061,0.212
611.000,0.607,0.215,0.212
612.000,0.557,0.056,0.213
613.000,0.622,0.221,0.213
614.000,0.585,0.128,0.214
615.000,0.588,0.183,0.214
616.000,0.587,0.151,0.215
617.000,0.576,0.217,0.215
618.000,0.588,0.119,0.216
619.000,0.562,0.162,0.216
620.000,0.606,0.158,0.217
621.000,0.569,0.123,0.217
622.000,0.609,0.250,0.217
623.000,0.563,0.055,0.218
624.000,0.613,0.300,0.218
625.000,0.570,0.055,0.219
626.000,0.588,0.218,0.219
627.000,0.576,0.057,0.220
628.000,0.595,0.223,0.220
629.000,0.620,0.245,0.221
630.000,0.550,0.056,0.221
631.000,0.616,0.294,0.222
632.000,0.570,0.054,0.222
633.000,0.596,0.213,0.223
634.000,0.553,0.055,0.223
635.000,0.607,0.220,0.224
636.000,0.618,0.160,0.224
637.000,0.576,0.143,0.225
638.000,0.600,0.198,0.225
639.000,0.565,0.164,0.225
640.000,0.587,0.159,0.226
641.000,0.561,0.112,0.226
642.000,0.606,0.179,0.227
643.000,0.568,0.095,0.227
644.000,0.606,0.245,0.228
645.000,0.565,0.055,0.228
646.000,0.595,0.295,0.229
647.000,0.566,0.053,0.229
648.000,0.590,0.217,0.230
649.000,0.569,0.055,0.230
650.000,0.593,0.216,0.231
651.000,0.672,0.228,0.231
652.000,0.364,0.055,0.231
653.000,0.615,0.194,0.232
654.000,0.562,0.159,0.232
655.000,0.591,0.170,0.233
656.000,0.562,0.104,0.233
657.000,0.596,0.192,0.234
658.000,0.573,0.089,0.234
659.000,0.599,0.246,0.235
660.000,0.560,0.054,0.235
661.000,0.607,0.297,0.236
662.000,0.553,0.055,0.236
663.000,0.604,0.211,0.237
664.000,0.559,0.055,0.237
665.000,0.591,0.227,0.237
666.000,0.696,0.219,0.238
667.000,0.564,0.059,0.238
668.000,0.609,0.301,0.239
669.000,0.573,0.054,0.239
670.000,0.600,0.211,0.240
671.000,0.566,0.054,0.240
672.000,0.598,0.227,0.241
673.000,0.613,0.152,0.241
674.000,0.573,0.155,0.242
675.000,0.592,0.174,0.242
676.000,0.574,0.190,0.243
677.000,0.596,0.120,0.243
678.000,0.558,0.157,0.244
679.000,0.592,0.139,0.244
680.000,0.571,0.143,0.245
681.000,0.623,0.244,0.245
682.000,0.555,0.055,0.246
683.000,0.619,0.294,0.246
684.000,0.557,0.054,0.246
685.000,0.597,0.212,0.247
686.000,0.570,0.053,0.247
687.000,0.602,0.225,0.248
688.000,0.609,0.195,0.248
689.000,0.559,0.112,0.249
690.000,0.626,0.200,0.249
691.000,0.564,0.155,0.250
692.000,0.596,0.166,0.250
693.000,0.561,0.102,0.251
694.000,0.603,0.182,0.251
695.000,0.559,0.097,0.252
696.000,0.614,0.247,0.252
697.000,0.556,0.054,0.253
698.000,0.617,0.297,0.253
699.000,0.558,0.054,0.253
700.000,0.592,0.217,0.254
701.000,0.561,0.053,0.254
702.000,0.449,0.273,0.255
703.000,0.598,0.077,0.255
704.000,0.589,0.227,0.256
705.000,0.575,0.072,0.256
706.000,0.592,0.287,0.257
707.000,0.570,0.057,0.257
708.000,0.573,0.226,0.258
709.000,0.577,0.058,0.258
710.000,0.585,0.226,0.259
711.000,0.606,0.247,0.259
712.000,0.570,0.052,0.259
713.000,0.687,0.271,0.260
714.000,0.555,0.057,0.260
715.000,0.600,0.215,0.261
716.000,0.554,0.053,0.261
717.000,0.602,0.227,0.262
718.000,0.583,0.090,0.262
719.000,0.596,0.215,0.263
720.000,0.586,0.090,0.263
721.000,0.607,0.265,0.264
722.000,0.577,0.072,0.264
723.000,0.581,0.202,0.265
724.000,0.581,0.075,0.265
725.000,0.598,0.207,0.266
726.000,0.607,0.251,0.266
727.000,0.555,0.053,0.267
728.000,0.608,0.299,0.267
729.000,0.567,0.052,0.267
730.000,0.587,0.215,0.268
731.000,0.558,0.052,0.268
732.000,0.613,0.218,0.269
733.000,0.596,0.081,0.269
734.000,0.579,0.231,0.270
735.000,0.581,0.065,0.270
736.000,0.603,0.289,0.271
737.000,0.585,0.056,0.271
738.000,0.582,0.221,0.272
739.000,0.585,0.055,0.272
740.000,0.585,0.221,0.273
741.000,0.672,0.227,0.273
742.000,0.558,0.055,0.274
743.000,0.616,0.295,0.274
744.000,0.568,0.052,0.275
745.000,0.598,0.213,0.275
746.000,0.557,0.053,0.276
747.000,0.599,0.223,0.276
748.000,0.581,0.067,0.276
749.000,0.594,0.238,0.277
750.000,0.589,0.061,0.277
751.000,0.593,0.289,0.278
752.000,0.401,0.053,0.278
753.000,0.602,0.212,0.279
754.000,0.567,0.052,0.279
755.000,0.608,0.214,0.280
756.000,0.598,0.127,0.280
757.000,0.598,0.169,0.281
758.000,0.587,0.115,0.281
759.000,0.580,0.249,0.282
760.000,0.582,0.068,0.282
761.000,0.584,0.201,0.282
762.000,0.573,0.069,0.283
763.000,0.579,0.210,0.283
764.000,0.609,0.241,0.284
765.000,0.566,0.052,0.284
766.000,0.678,0.266,0.285
767.000,0.553,0.055,0.285
768.000,0.595,0.213,0.286
769.000,0.553,0.052,0.286
770.000,0.594,0.226,0.287
771.000,0.590,0.066,0.287
772.000,0.580,0.244,0.288
773.000,0.564,0.053,0.288
774.000,0.595,0.300,0.289
775.000,0.561,0.052,0.289
776.000,0.595,0.206,0.289
777.000,0.564,0.052,0.290
778.000,0.604,0.220,0.290
779.000,0.590,0.190,0.291
780.000,0.557,0.069,0.291
781.000,0.685,0.356,0.292
782.000,0.572,0.115,0.292
783.000,0.559,0.033,0.293
784.000,0.615,0.263,0.293
785.000,0.562,0.032,0.294
786.000,0.633,0.219,0.294
787.000,0.559,0.074,0.295
788.000,0.576,0.052,0.295
789.000,0.586,0.211,0.296
790.000,0.636,0.181,0.296
791.000,0.573,0.134,0.297
792.000,0.556,0.033,0.297
793.000,0.617,0.262,0.298
794.000,0.574,0.032,0.298
795.000,0.611,0.227,0.298
796.000,0.560,0.074,0.299
797.000,0.568,0.040,0.299
798.000,0.601,0.217,0.300
799.000,0.599,0.171,0.300
800.000,0.585,0.153,0.301
801.000,0.550,0.032,0.301
802.000,0.476,0.322,0.302
803.000,0.562,0.078,0.302
804.000,0.563,0.041,0.303
805.000,0.611,0.259,0.303
806.000,0.568,0.032,0.303
807.000,0.619,0.223,0.304
808.000,0.551,0.033,0.304
809.000,0.646,0.271,0.305
810.000,0.557,0.033,0.305
811.000,0.626,0.200,0.306
812.000,0.554,0.101,0.306
813.000,0.559,0.033,0.307
814.000,0.620,0.263,0.307
815.000,0.554,0.033,0.308
816.000,0.614,0.212,0.308
817.000,0.574,0.048,0.309
818.000,0.645,0.273,0.309
819.000,0.569,0.032,0.310
820.000,0.608,0.177,0.310
821.000,0.577,0.128,0.311
822.000,0.565,0.032,0.311
823.000,0.623,0.264,0.312
824.000,0.550,0.033,0.312
825.000,0.604,0.201,0.312
826.000,0.565,0.059,0.313
827.000,0.686,0.258,0.313
828.000,0.554,0.035,0.314
829.000,0.601,0.160,0.314
830.000,0.592,0.145,0.315
831.000,0.567,0.032,0.315
832.000,0.620,0.264,0.316
833.000,0.558,0.032,0.316
834.000,0.623,0.196,0.317
835.000,0.568,0.067,0.317
836.000,0.704,0.255,0.318
837.000,0.565,0.035,0.318
838.000,0.602,0.188,0.319
839.000,0.572,0.125,0.319
840.000,0.554,0.032,0.320
841.000,0.613,0.272,0.320
842.000,0.559,0.032,0.321
843.000,0.603,0.197,0.321
844.000,0.569,0.073,0.321
845.000,0.701,0.252,0.322
846.000,0.551,0.040,0.322
847.000,0.604,0.155,0.323
848.000,0.576,0.157,0.323
849.000,0.561,0.032,0.324
850.000,0.618,0.269,0.324
851.000,0.562,0.032,0.325
852.000,0.429,0.057,0.325
853.000,0.587,0.222,0.326
854.000,0.616,0.188,0.326
855.000,0.578,0.138,0.327
856.000,0.564,0.032,0.327
857.000,0.625,0.266,0.328
858.000,0.562,0.032,0.328
859.000,0.616,0.210,0.328
860.000,0.565,0.099,0.329
861.000,0.568,0.034,0.329
862.000,0.594,0.237,0.330
863.000,0.586,0.121,0.330
864.000,0.606,0.208,0.331
865.000,0.568,0.032,0.331
866.000,0.618,0.269,0.332
867.000,0.565,0.032,0.332
868.000,0.588,0.151,0.333
869.000,0.578,0.169,0.333
870.000,0.558,0.032,0.334
871.000,0.618,0.230,0.334
872.000,0.590,0.051,0.335
873.000,0.600,0.276,0.335
874.000,0.554,0.032,0.336
875.000,0.708,0.226,0.336
876.000,0.550,0.048,0.337
877.000,0.587,0.121,0.337
878.000,0.588,0.193,0.337
879.000,0.554,0.032,0.338
880.000,0.614,0.230,0.338
881.000,0.586,0.044,0.339
882.000,0.609,0.281,0.339
883.000,0.561,0.032,0.340
884.000,0.619,0.239,0.340
885.000,0.572,0.065,0.341
886.000,0.583,0.052,0.341
887.000,0.599,0.261,0.342
888.000,0.554,0.032,0.342
889.000,0.614,0.231,0.343
890.000,0.560,0.032,0.343
891.000,0.631,0.281,0.344
892.000,0.559,0.032,0.344
893.000,0.607,0.200,0.345
894.000,0.565,0.114,0.345
895.000,0.566,0.032,0.345
896.000,0.619,0.278,0.346
897.000,0.558,0.032,0.346
898.000,0.613,0.202,0.347
899.000,0.554,0.058,0.347
900.000,0.704,0.251,0.348
901.000,0.569,0.035,0.348
902.000,0.432,0.060,0.349
903.000,0.593,0.256,0.349
904.000,0.559,0.032,0.350
905.000,0.681,0.238,0.350
906.000,0.565,0.041,0.351
907.000,0.592,0.144,0.351
908.000,0.579,0.124,0.352
909.000,0.625,0.245,0.352
910.000,0.557,0.076,0.352
911.000,0.571,0.039,0.353
912.000,0.613,0.262,0.353
913.000,0.562,0.032,0.354
914.000,0.697,0.228,0.354
915.000,0.565,0.046,0.355
916.000,0.598,0.144,0.355
917.000,0.572,0.123,0.356
918.000,0.628,0.242,0.356
919.000,0.562,0.075,0.357
920.000,0.583,0.042,0.357
921.000,0.605,0.262,0.358
922.000,0.554,0.032,0.358
923.000,0.673,0.235,0.359
924.000,0.565,0.047,0.359
925.000,0.584,0.118,0.360
926.000,0.590,0.147,0.360
927.000,0.631,0.232,0.361
928.000,0.554,0.088,0.361
929.000,0.566,0.036,0.362
930.000,0.613,0.266,0.362
931.000,0.561,0.032,0.362
932.000,0.608,0.241,0.363
933.000,0.566,0.062,0.363
934.000,0.583,0.049,0.364
935.000,0.595,0.216,0.364
936.000,0.612,0.183,0.365
937.000,0.589,0.140,0.365
938.000,0.557,0.033,0.366
939.000,0.616,0.270,0.366
940.000,0.554,0.032,0.367
941.000,0.620,0.194,0.367
942.000,0.561,0.112,0.368
943.000,0.577,0.033,0.368
944.000,0.601,0.227,0.369
945.000,0.606,0.121,0.369
946.000,0.592,0.205,0.370
947.000,0.556,0.032,0.370
948.000,0.630,0.263,0.370
949.000,0.562,0.032,0.371
950.000,0.600,0.158,0.371
951.000,0.584,0.150,0.372
952.000,0.392,0.033,0.372
953.000,0.687,0.200,0.373
954.000,0.569,0.040,0.373
955.000,0.630,0.284,0.374
956.000,0.557,0.032,0.374
957.000,0.620,0.211,0.375
958.000,0.566,0.091,0.375
959.000,0.569,0.037,0.376
960.000,0.613,0.265,0.376
961.000,0.553,0.033,0.376
962.000,0.634,0.214,0.377
963.000,0.574,0.042,0.377
964.000,0.630,0.284,0.378
965.000,0.558,0.032,0.378
966.000,0.600,0.183,0.379
967.000,0.570,0.125,0.379
968.000,0.576,0.031,0.380
969.000,0.614,0.268,0.380
970.000,0.554,0.032,0.381
971.000,0.609,0.201,0.381
972.000,0.557,0.060,0.382
973.000,0.696,0.256,0.382
974.000,0.559,0.036,0.383
975.000,0.596,0.169,0.383
976.000,0.598,0.138,0.384
977.000,0.560,0.032,0.384
978.000,0.617,0.266,0.385
979.000,0.564,0.032,0.385
980.000,0.611,0.197,0.386
981.000,0.559,0.062,0.386
982.000,0.685,0.256,0.387
983.000,0.554,0.035,0.387
984.000,0.597,0.161,0.387
985.000,0.606,0.143,0.388
986.000,0.558,0.032,0.388
987.000,0.617,0.268,0.389
988.000,0.557,0.032,0.389
989.000,0.606,0.192,0.390
990.000,0.579,0.068,0.390
991.000,0.627,0.272,0.391
992.000,0.554,0.033,0.391
993.000,0.631,0.293,0.392
994.000,0.561,0.031,0.392
995.000,0.600,0.174,0.393
996.000,0.589,0.226,0.393
997.000,0.552,0.031,0.394
998.000,0.697,0.239,0.394
999.000,0.566,0.033,0.395
1000.000,0.597,0.178,0.395
1001.000,0.575,0.161,0.395
1002.000,0.442,0.118,0.396
1003.000,0.600,0.245,0.396
1004.000,0.549,0.032,0.397
1005.000,0.635,0.311,0.397
1006.000,0.560,0.075,0.398
1007.000,0.567,0.036,0.398
1008.000,0.609,0.266,0.399
1009.000,0.564,0.031,0.399
1010.000,0.675,0.233,0.400
1011.000,0.560,0.076,0.400
1012.000,0.703,0.267,0.401
1013.000,0.557,0.034,0.401
1014.000,0.595,0.162,0.402
1015.000,0.601,0.238,0.402
1016.000,0.564,0.031,0.403
1017.000,0.694,0.237,0.403
1018.000,0.560,0.033,0.404
1019.000,0.585,0.166,0.404
1020.000,0.592,0.165,0.404
1021.000,0.617,0.220,0.405
1022.000,0.563,0.120,0.405
1023.000,0.547,0.031,0.406
1024.000,0.649,0.341,0.406
1025.000,0.555,0.032,0.407
1026.000,0.596,0.139,0.407
1027.000,0.583,0.171,0.408
1028.000,0.549,0.032,0.408
1029.000,0.635,0.283,0.409
1030.000,0.563,0.031,0.409
1031.000,0.635,0.294,0.410
1032.000,0.552,0.032,0.410
1033.000,0.601,0.184,0.411
1034.000,0.598,0.216,0.411
1035.000,0.566,0.031,0.412
1036.000,0.627,0.265,0.412
1037.000,0.568,0.031,0.412
1038.000,0.606,0.142,0.413
1039.000,0.575,0.196,0.413
1040.000,0.617,0.203,0.414
1041.000,0.567,0.141,0.414
1042.000,0.555,0.031,0.415
1043.000,0.654,0.340,0.415
1044.000,0.546,0.032,0.416
1045.000,0.591,0.113,0.416
1046.000,0.591,0.197,0.417
1047.000,0.560,0.032,0.417
1048.000,0.624,0.291,0.418
1049.000,0.553,0.031,0.418
1050.000,0.631,0.295,0.419
1051.000,0.554,0.031,0.419
1052.000,0.420,0.042,0.419
1053.000,0.628,0.347,0.420
1054.000,0.560,0.032,0.420
1055.000,0.616,0.204,0.421
1056.000,0.567,0.104,0.421
1057.000,0.574,0.031,0.422
1058.000,0.636,0.283,0.422
1059.000,0.599,0.059,0.423
1060.000,0.604,0.279,0.423
1061.000,0.561,0.031,0.424
1062.000,0.637,0.284,0.424
1063.000,0.564,0.105,0.425
1064.000,0.570,0.035,0.425
1065.000,0.614,0.266,0.426
1066.000,0.557,0.031,0.426
1067.000,0.674,0.226,0.427
1068.000,0.568,0.085,0.427
1069.000,0.689,0.272,0.428
1070.000,0.561,0.035,0.428
1071.000,0.580,0.149,0.428
1072.000,0.609,0.254,0.429
1073.000,0.567,0.031,0.429
1074.000,0.675,0.245,0.430
1075.000,0.561,0.035,0.430
1076.000,0.584,0.129,0.431
1077.000,0.583,0.209,0.431
1078.000,0.609,0.191,0.432
1079.000,0.613,0.146,0.432
1080.000,0.550,0.032,0.433
1081.000,0.643,0.348,0.433
1082.000,0.560,0.031,0.434
1083.000,0.598,0.133,0.434
1084.000,0.586,0.182,0.435
1085.000,0.560,0.031,0.435
1086.000,0.627,0.290,0.436
1087.000,0.568,0.031,0.436
1088.000,0.629,0.300,0.437
1089.000,0.563,0.031,0.437
1090.000,0.606,0.187,0.438
1091.000,0.596,0.215,0.438
1092.000,0.549,0.032,0.438
1093.000,0.624,0.270,0.439
1094.000,0.560,0.031,0.439
1095.000,0.585,0.108,0.440
1096.000,0.597,0.228,0.440
1097.000,0.620,0.187,0.441
1098.000,0.602,0.151,0.441
1099.000,0.564,0.032,0.442
1100.000,0.635,0.356,0.442
1101.000,0.566,0.031,0.443
1102.000,0.419,0.036,0.443
1103.000,0.613,0.273,0.444
1104.000,0.564,0.031,0.444
1105.000,0.642,0.229,0.445
1106.000,0.572,0.095,0.445
1107.000,0.692,0.269,0.446
1108.000,0.567,0.044,0.446
1109.000,0.589,0.115,0.446
1110.000,0.604,0.291,0.447
1111.000,0.560,0.031,0.447
1112.000,0.682,0.238,0.448
1113.000,0.570,0.046,0.448
1114.000,0.580,0.100,0.449
1115.000,0.593,0.242,0.449
1116.000,0.615,0.170,0.450
1117.000,0.595,0.170,0.450
1118.000,0.562,0.032,0.451
1119.000,0.699,0.324,0.451
1120.000,0.570,0.033,0.452
1121.000,0.595,0.170,0.452
1122.000,0.622,0.142,0.453
1123.000,0.571,0.032,0.453
1124.000,0.621,0.295,0.454
1125.000,0.564,0.038,0.454
1126.000,0.627,0.296,0.455
1127.000,0.560,0.031,0.455
1128.000,0.617,0.231,0.456
1129.000,0.583,0.176,0.456
1130.000,0.558,0.033,0.457
1131.000,0.626,0.270,0.457
1132.000,0.564,0.031,0.457
1133.000,0.606,0.172,0.458
1134.000,0.601,0.163,0.458
1135.000,0.636,0.235,0.459
1136.000,0.564,0.102,0.459
1137.000,0.571,0.034,0.460
1138.000,0.630,0.356,0.460
1139.000,0.555,0.031,0.461
1140.000,0.601,0.182,0.461
1141.000,0.587,0.130,0.462
1142.000,0.556,0.033,0.462
1143.000,0.628,0.290,0.463
1144.000,0.567,0.038,0.463
1145.000,0.634,0.292,0.464
1146.000,0.558,0.032,0.464
1147.000,0.619,0.234,0.465
1148.000,0.580,0.170,0.465
1149.000,0.553,0.033,0.466
1150.000,0.626,0.269,0.466
1151.000,0.564,0.031,0.466
1152.000,0.423,0.049,0.467
1153.000,0.605,0.292,0.467
1154.000,0.584,0.101,0.468
1155.000,0.604,0.243,0.468
1156.000,0.573,0.031,0.469
1157.000,0.731,0.304,0.469
1158.000,0.561,0.045,0.470
1159.000,0.582,0.115,0.470
1160.000,0.582,0.208,0.471
1161.000,0.576,0.031,0.471
1162.000,0.621,0.297,0.472
1163.000,0.571,0.031,0.472
1164.000,0.631,0.302,0.473
1165.000,0.564,0.031,0.473
1166.000,0.618,0.180,0.474
1167.000,0.598,0.292,0.474
1168.000,0.559,0.031,0.474
1169.000,0.679,0.248,0.475
1170.000,0.561,0.038,0.475
1171.000,0.592,0.124,0.476
1172.000,0.590,0.221,0.476
1173.000,0.608,0.195,0.477
1174.000,0.605,0.148,0.477
1175.000,0.552,0.033,0.478
1176.000,0.638,0.358,0.478
1177.000,0.556,0.031,0.479
1178.000,0.614,0.117,0.479
1179.000,0.582,0.203,0.480
1180.000,0.560,0.032,0.480
1181.000,0.617,0.300,0.481
1182.000,0.551,0.032,0.481
1183.000,0.636,0.297,0.482
1184.000,0.560,0.031,0.482
1185.000,0.591,0.172,0.483
1186.000,0.607,0.236,0.483
1187.000,0.548,0.033,0.483
1188.000,0.676,0.252,0.484
1189.000,0.547,0.036,0.484
1190.000,0.580,0.119,0.485
1191.000,0.594,0.230,0.485
1192.000,0.609,0.186,0.486
1193.000,0.593,0.160,0.486
1194.000,0.559,0.033,0.487
1195.000,0.708,0.323,0.487
1196.000,0.564,0.033,0.488
1197.000,0.595,0.182,0.488
1198.000,0.607,0.135,0.489
1199.000,0.555,0.033,0.489
1200.000,0.625,0.300,0.490
1201.000,0.576,0.038,0.490
1202.000,0.520,0.344,0.491
1203.000,0.557,0.037,0.491
1204.000,0.585,0.140,0.492
1205.000,0.599,0.275,0.492
1206.000,0.561,0.031,0.492
1207.000,0.686,0.243,0.493
1208.000,0.553,0.042,0.493
1209.000,0.580,0.096,0.494
1210.000,0.603,0.244,0.494
1211.000,0.602,0.175,0.495
1212.000,0.570,0.147,0.495
1213.000,0.654,0.267,0.496
1214.000,0.590,0.205,0.496
1215.000,0.691,0.170,0.497
1216.000,0.597,0.146,0.497
1217.000,0.619,0.030,0.498
1218.000,0.625,0.150,0.498
1219.000,0.337,0.408,0.499
1220.000,0.545,0.596,0.499
1221.000,0.624,0.771,0.500
1222.000,0.423,0.901,0.500
1223.000,0.375,0.388,0.500
1224.000,0.631,0.594,0.501
1225.000,0.626,0.813,0.501
1226.000,1.000,0.437,0.502
1227.000,0.192,0.014,0.502
1228.000,0.197,0.001,0.502
1229.000,0.198,0.001,0.502
1230.000,0.193,0.001,0.503
1231.000,0.196,0.001,0.503
1232.000,0.200,0.001,0.503
1233.000,0.396,0.180,0.503
1234.000,0.679,0.280,0.504
1235.000,0.675,0.380,0.504
1236.000,0.524,0.326,0.505
1237.000,0.734,0.186,0.505
1238.000,0.678,0.210,0.506
1239.000,0.662,0.334,0.506
1240.000,0.656,0.368,0.507
1241.000,0.653,0.371,0.507
1242.000,0.694,0.361,0.508
1243.000,0.679,0.374,0.509
1244.000,0.962,0.260,0.509
1245.000,0.670,0.129,0.510
1246.000,0.663,0.123,0.510
1247.000,0.606,0.132,0.511
1248.000,0.200,0.066,0.511
1249.000,0.211,0.007,0.511
1250.000,0.661,0.295,0.512
1251.000,0.660,0.344,0.512
1252.000,0.339,0.355,0.513
1253.000,0.646,0.179,0.513
1254.000,0.651,0.145,0.514
1255.000,0.601,0.149,0.514
1256.000,0.593,0.150,0.515
1257.000,0.739,0.191,0.515
1258.000,0.686,0.119,0.516
1259.000,0.666,0.119,0.516
1260.000,0.233,0.099,0.516
1261.000,0.562,0.166,0.517
1262.000,0.672,0.315,0.517
1263.000,0.501,0.363,0.518
1264.000,0.644,0.183,0.518
1265.000,0.656,0.194,0.519
1266.000,0.686,0.179,0.519
1267.000,0.678,0.120,0.520
1268.000,0.487,0.148,0.520
1269.000,0.200,0.018,0.520
1270.000,0.438,0.476,0.521
1271.000,0.750,0.312,0.521
1272.000,0.487,0.225,0.522
1273.000,0.605,0.493,0.522
1274.000,0.651,0.556,0.523
1275.000,0.611,0.448,0.523
1276.000,0.675,0.299,0.524
1277.000,0.693,0.159,0.524
1278.000,0.711,0.251,0.525
1279.000,0.703,0.333,0.526
1280.000,0.681,0.400,0.526
1281.000,0.680,0.430,0.527
1282.000,0.692,0.449,0.527
1283.000,0.675,0.477,0.528
1284.000,0.666,0.482,0.528
1285.000,0.668,0.486,0.529
1286.000,0.688,0.481,0.529
1287.000,0.681,0.495,0.530
1288.000,0.670,0.498,0.530
1289.000,0.670,0.496,0.531
1290.000,0.662,0.500,0.532
1291.000,0.676,0.490,0.532
1292.000,0.669,0.499,0.533
1293.000,0.678,0.493,0.533
1294.000,0.672,0.504,0.534
1295.000,0.673,0.498,0.534
1296.000,0.673,0.498,0.535
1297.000,0.665,0.504,0.535
1298.000,0.676,0.498,0.536
1299.000,0.663,0.504,0.536
1300.000,0.665,0.501,0.537
1301.000,0.677,0.496,0.537
1302.000,0.476,0.503,0.538
1303.000,0.662,0.506,0.538
1304.000,0.658,0.502,0.539
1305.000,0.676,0.492,0.539
1306.000,0.675,0.500,0.540
1307.000,0.682,0.496,0.540
1308.000,0.682,0.504,0.541
1309.000,0.665,0.509,0.542
1310.000,0.668,0.500,0.542
1311.000,0.668,0.499,0.543
1312.000,0.693,0.489,0.543
1313.000,0.672,0.512,0.544
1314.000,0.680,0.498,0.544
1315.000,0.671,0.505,0.545
1316.000,0.671,0.501,0.545
1317.000,0.689,0.495,0.546
1318.000,0.662,0.517,0.546
1319.000,0.685,0.492,0.547
1320.000,0.668,0.508,0.548
1321.000,0.665,0.506,0.548
1322.000,0.678,0.496,0.549
1323.000,0.665,0.510,0.549
1324.000,0.668,0.500,0.550
1325.000,0.664,0.506,0.550
1326.000,0.685,0.494,0.551
1327.000,0.668,0.509,0.551
1328.000,0.689,0.488,0.552
1329.000,0.661,0.516,0.552
1330.000,0.669,0.500,0.553
1331.000,0.689,0.493,0.553
1332.000,0.655,0.522,0.554
1333.000,0.672,0.493,0.555
1334.000,0.672,0.504,0.555
1335.000,0.678,0.500,0.556
1336.000,0.658,0.513,0.556
1337.000,0.675,0.496,0.557
1338.000,0.679,0.500,0.557
1339.000,0.675,0.505,0.558
1340.000,0.675,0.503,0.558
1341.000,0.747,0.486,0.559
1342.000,0.669,0.523,0.559
1343.000,0.665,0.506,0.560
1344.000,0.675,0.497,0.560
1345.000,0.671,0.505,0.561
1346.000,0.671,0.505,0.562
1347.000,0.674,0.499,0.562
1348.000,0.657,0.514,0.563
1349.000,0.664,0.504,0.563
1350.000,0.678,0.497,0.564
1351.000,0.661,0.513,0.564
1352.000,0.485,0.501,0.565
1353.000,0.754,0.477,0.565
1354.000,0.685,0.504,0.566
1355.000,0.685,0.509,0.566
1356.000,0.657,0.513,0.567
1357.000,0.674,0.498,0.567
1358.000,0.667,0.506,0.568
1359.000,0.667,0.504,0.568
1360.000,0.654,0.511,0.569
1361.000,0.667,0.498,0.570
1362.000,0.664,0.506,0.570
1363.000,0.679,0.497,0.571
1364.000,0.671,0.510,0.571
1365.000,0.667,0.506,0.572
1366.000,0.664,0.506,0.572
1367.000,0.677,0.497,0.573
1368.000,0.677,0.503,0.573
1369.000,0.664,0.512,0.574
1370.000,0.674,0.501,0.574
1371.000,0.675,0.503,0.575
1372.000,0.662,0.510,0.575
1373.000,0.667,0.502,0.576
1374.000,0.679,0.498,0.576
1375.000,0.657,0.518,0.577
1376.000,0.677,0.495,0.578
1377.000,0.670,0.507,0.578
1378.000,0.653,0.514,0.579
1379.000,0.657,0.504,0.579
1380.000,0.675,0.497,0.580
1381.000,0.670,0.507,0.580
1382.000,0.656,0.512,0.581
1383.000,0.656,0.506,0.581
1384.000,0.670,0.497,0.582
1385.000,0.670,0.506,0.582
1386.000,0.677,0.498,0.583
1387.000,0.670,0.511,0.583
1388.000,0.656,0.511,0.584
1389.000,0.674,0.496,0.584
1390.000,0.657,0.515,0.585
1391.000,0.660,0.504,0.586
1392.000,0.660,0.504,0.586
1393.000,0.673,0.498,0.587
1394.000,0.663,0.509,0.587
1395.000,0.667,0.504,0.588
1396.000,0.656,0.510,0.588
1397.000,0.674,0.496,0.589
1398.000,0.662,0.511,0.589
1399.000,0.674,0.497,0.590
1400.000,0.660,0.485,0.590
1401.000,0.667,0.506,0.591
1402.000,0.471,0.511,0.591
1403.000,0.687,0.497,0.592
1404.000,0.653,0.514,0.592
1405.000,0.657,0.503,0.593
1406.000,0.681,0.496,0.593
1407.000,0.671,0.507,0.594
1408.000,0.674,0.504,0.594
1409.000,0.675,0.503,0.595
1410.000,0.653,0.515,0.596
1411.000,0.660,0.501,0.596
1412.000,0.671,0.500,0.597
1413.000,0.662,0.508,0.597
1414.000,0.657,0.506,0.598
1415.000,0.684,0.494,0.598
1416.000,0.674,0.509,0.599
1417.000,0.670,0.503,0.599
1418.000,0.667,0.505,0.600
1419.000,0.677,0.502,0.600
1420.000,0.670,0.507,0.601
1421.000,0.667,0.507,0.601
1422.000,0.667,0.504,0.602
1423.000,0.653,0.510,0.602
1424.000,0.667,0.495,0.603
1425.000,0.616,0.536,0.604
1426.000,0.683,0.458,0.604
1427.000,0.663,0.512,0.605
1428.000,0.663,0.506,0.605
1429.000,0.664,0.503,0.606
1430.000,0.670,0.501,0.606
1431.000,0.653,0.514,0.607
1432.000,0.663,0.500,0.607
1433.000,0.653,0.509,0.608
1434.000,0.657,0.504,0.608
1435.000,0.664,0.502,0.609
1436.000,0.675,0.502,0.609
1437.000,0.675,0.503,0.610
1438.000,0.673,0.506,0.610
1439.000,0.679,0.500,0.611
1440.000,0.667,0.512,0.612
1441.000,0.670,0.503,0.612
1442.000,0.660,0.509,0.613
1443.000,0.667,0.500,0.613
1444.000,0.660,0.508,0.614
1445.000,0.670,0.500,0.614
1446.000,0.657,0.512,0.615
1447.000,0.673,0.493,0.615
1448.000,0.657,0.509,0.616
1449.000,0.688,0.495,0.616
1450.000,0.667,0.512,0.617
1451.000,0.663,0.508,0.617
1452.000,0.481,0.507,0.618
1453.000,0.667,0.502,0.618
1454.000,0.662,0.510,0.619
1455.000,0.698,0.495,0.619
1456.000,0.667,0.513,0.620
1457.000,0.657,0.511,0.620
1458.000,0.670,0.500,0.621
1459.000,0.677,0.503,0.622
1460.000,0.656,0.515,0.622
1461.000,0.660,0.504,0.623
1462.000,0.656,0.509,0.623
1463.000,0.677,0.495,0.624
1464.000,0.667,0.511,0.624
1465.000,0.667,0.508,0.625
1466.000,0.660,0.508,0.625
1467.000,0.675,0.499,0.626
1468.000,0.667,0.510,0.626
1469.000,0.670,0.504,0.627
1470.000,0.670,0.505,0.627
1471.000,0.663,0.510,0.628
1472.000,0.674,0.499,0.628
1473.000,0.666,0.490,0.629
1474.000,0.671,0.506,0.630
1475.000,0.675,0.503,0.630
1476.000,0.670,0.508,0.631
1477.000,0.670,0.504,0.631
1478.000,0.667,0.509,0.632
1479.000,0.663,0.507,0.632
1480.000,0.657,0.508,0.633
1481.000,0.663,0.502,0.633
1482.000,0.675,0.500,0.634
1483.000,0.677,0.505,0.634
1484.000,0.664,0.513,0.635
1485.000,0.660,0.507,0.635
1486.000,0.660,0.506,0.636
1487.000,0.684,0.500,0.637
1488.000,0.660,0.512,0.637
1489.000,0.664,0.502,0.638
1490.000,0.677,0.501,0.638
1491.000,0.660,0.516,0.639
1492.000,0.675,0.499,0.639
1493.000,0.675,0.508,0.640
1494.000,0.670,0.507,0.640
1495.000,0.667,0.508,0.641
1496.000,0.660,0.509,0.641
1497.000,0.664,0.504,0.642
1498.000,0.657,0.511,0.642
1499.000,0.675,0.499,0.643
1500.000,0.667,0.509,0.643
1501.000,0.663,0.508,0.644
1502.000,0.492,0.500,0.644
1503.000,0.674,0.509,0.645
1504.000,0.663,0.507,0.645
1505.000,0.671,0.502,0.646
1506.000,0.674,0.505,0.647
1507.000,0.674,0.507,0.647
1508.000,0.667,0.509,0.648
1509.000,0.676,0.501,0.648
1510.000,0.657,0.516,0.649
1511.000,0.684,0.497,0.649
1512.000,0.664,0.512,0.650
1513.000,0.670,0.504,0.650
1514.000,0.674,0.502,0.651
1515.000,0.667,0.509,0.651
1516.000,0.674,0.504,0.652
1517.000,0.667,0.510,0.652
1518.000,0.667,0.507,0.653
1519.000,0.676,0.501,0.653
1520.000,0.655,0.491,0.654
1521.000,0.656,0.514,0.655
1522.000,0.685,0.499,0.655
1523.000,0.681,0.520,0.656
1524.000,0.656,0.530,0.656
1525.000,0.662,0.521,0.657
1526.000,0.663,0.533,0.657
1527.000,0.644,0.551,0.658
1528.000,0.654,0.542,0.658
1529.000,0.657,0.549,0.659
1530.000,0.653,0.555,0.659
1531.000,0.652,0.558,0.660
1532.000,0.648,0.565,0.660
1533.000,0.639,0.572,0.661
1534.000,0.646,0.572,0.661
1535.000,0.657,0.575,0.662
1536.000,0.636,0.602,0.662
1537.000,0.644,0.589,0.663
1538.000,0.638,0.601,0.663
1539.000,0.637,0.602,0.664
1540.000,0.640,0.604,0.664
1541.000,0.632,0.610,0.665
1542.000,0.653,0.599,0.666
1543.000,0.635,0.624,0.666
1544.000,0.644,0.609,0.667
1545.000,0.636,0.617,0.667
1546.000,0.632,0.618,0.668
1547.000,0.631,0.616,0.668
1548.000,0.624,0.623,0.669
1549.000,0.627,0.612,0.669
1550.000,0.626,0.613,0.670
1551.000,0.636,0.605,0.670
1552.000,0.455,0.621,0.670
1553.000,0.625,0.615,0.671
1554.000,0.625,0.611,0.671
1555.000,0.631,0.616,0.672
1556.000,0.624,0.608,0.672
1557.000,0.614,0.613,0.673
1558.000,0.617,0.603,0.673
1559.000,0.607,0.613,0.674
1560.000,0.616,0.599,0.674
1561.000,0.617,0.603,0.675
1562.000,0.607,0.611,0.675
1563.000,0.603,0.603,0.676
1564.000,0.607,0.601,0.676
1565.000,0.610,0.601,0.677
1566.000,0.610,0.602,0.677
1567.000,0.607,0.606,0.678
1568.000,0.607,0.602,0.678
1569.000,0.610,0.601,0.679
1570.000,0.617,0.603,0.679
1571.000,0.607,0.607,0.680
1572.000,0.597,0.610,0.680
1573.000,0.607,0.598,0.681
1574.000,0.610,0.602,0.681
1575.000,0.607,0.606,0.682
1576.000,0.600,0.605,0.682
1577.000,0.607,0.599,0.683
1578.000,0.606,0.604,0.683
1579.000,0.600,0.607,0.684
1580.000,0.601,0.603,0.684
1581.000,0.603,0.602,0.685
1582.000,0.607,0.602,0.685
1583.000,0.603,0.604,0.686
1584.000,0.603,0.604,0.686
1585.000,0.610,0.598,0.687
1586.000,0.610,0.603,0.687
1587.000,0.600,0.609,0.688
1588.000,0.597,0.604,0.688
1589.000,0.603,0.600,0.688
1590.000,0.610,0.599,0.689
1591.000,0.603,0.606,0.689
1592.000,0.603,0.601,0.690
1593.000,0.610,0.598,0.690
1594.000,0.603,0.608,0.691
1595.000,0.597,0.606,0.691
1596.000,0.607,0.599,0.692
1597.000,0.606,0.602,0.692
1598.000,0.603,0.603,0.693
1599.000,0.610,0.598,0.693
1600.000,0.598,0.611,0.694
1601.000,0.600,0.600,0.694
1602.000,0.466,0.599,0.695
1603.000,0.610,0.602,0.695
1604.000,0.603,0.605,0.696
1605.000,0.600,0.604,0.696
1606.000,0.603,0.599,0.697
1607.000,0.610,0.598,0.697
1608.000,0.603,0.608,0.698
1609.000,0.600,0.605,0.698
1610.000,0.610,0.596,0.699
1611.000,0.603,0.607,0.699
1612.000,0.603,0.601,0.699
1613.000,0.597,0.607,0.700
1614.000,0.600,0.601,0.700
1615.000,0.615,0.592,0.701
1616.000,0.602,0.612,0.701
1617.000,0.594,0.607,0.702
1618.000,0.619,0.583,0.702
1619.000,0.598,0.619,0.703
1620.000,0.602,0.600,0.703
1621.000,0.603,0.602,0.704
1622.000,0.607,0.598,0.704
1623.000,0.600,0.608,0.705
1624.000,0.603,0.600,0.705
1625.000,0.603,0.602,0.706
1626.000,0.607,0.599,0.706
1627.000,0.661,0.522,0.707
1628.000,0.657,0.516,0.707
1629.000,0.664,0.509,0.708
1630.000,0.668,0.510,0.708
1631.000,0.664,0.519,0.709
1632.000,0.654,0.516,0.709
1633.000,0.657,0.513,0.710
1634.000,0.657,0.514,0.710
1635.000,0.661,0.512,0.711
1636.000,0.660,0.513,0.712
1637.000,0.664,0.511,0.712
1638.000,0.661,0.516,0.713
1639.000,0.657,0.515,0.713
1640.000,0.660,0.510,0.714
1641.000,0.659,0.513,0.714
1642.000,0.668,0.511,0.715
1643.000,0.664,0.515,0.715
1644.000,0.654,0.516,0.716
1645.000,0.664,0.507,0.716
1646.000,0.660,0.516,0.717
1647.000,0.657,0.514,0.717
1648.000,0.661,0.516,0.718
1649.000,0.664,0.505,0.718
1650.000,0.667,0.512,0.719
1651.000,0.664,0.514,0.719
1652.000,0.469,0.520,0.720
1653.000,0.657,0.513,0.720
1654.000,0.660,0.510,0.721
1655.000,0.661,0.513,0.721
1656.000,0.664,0.517,0.722
1657.000,0.660,0.509,0.723
1658.000,0.653,0.516,0.723
1659.000,0.667,0.505,0.724
1660.000,0.664,0.515,0.724
1661.000,0.664,0.512,0.725
1662.000,0.671,0.509,0.725
1663.000,0.657,0.521,0.726
1664.000,0.667,0.508,0.726
1665.000,0.657,0.517,0.727
1666.000,0.660,0.513,0.727
1667.000,0.664,0.509,0.728
1668.000,0.667,0.510,0.728
1669.000,0.650,0.522,0.729
1670.000,0.660,0.507,0.729
1671.000,0.667,0.512,0.730
1672.000,0.671,0.510,0.730
1673.000,0.671,0.511,0.731
1674.000,0.654,0.524,0.732
1675.000,0.667,0.507,0.732
1676.000,0.654,0.520,0.733
1677.000,0.664,0.509,0.733
1678.000,0.657,0.517,0.734
1679.000,0.664,0.511,0.734
1680.000,0.667,0.515,0.735
1681.000,0.660,0.512,0.735
1682.000,0.654,0.520,0.736
1683.000,0.664,0.509,0.736
1684.000,0.667,0.511,0.737
1685.000,0.664,0.515,0.737
1686.000,0.657,0.516,0.738
1687.000,0.657,0.514,0.738
1688.000,0.660,0.510,0.739
1689.000,0.646,0.522,0.739
1690.000,0.660,0.487,0.740
1691.000,0.653,0.517,0.741
1692.000,0.660,0.511,0.741
1693.000,0.659,0.514,0.742
1694.000,0.676,0.505,0.742
1695.000,0.658,0.523,0.743
1696.000,0.667,0.514,0.743
1697.000,0.667,0.509,0.744
1698.000,0.660,0.518,0.744
1699.000,0.653,0.517,0.745
1700.000,0.657,0.512,0.745
1701.000,0.667,0.508,0.746
1702.000,0.475,0.517,0.746
1703.000,0.653,0.519,0.747
1704.000,0.663,0.511,0.747
1705.000,0.657,0.517,0.748
1706.000,0.656,0.515,0.748
1707.000,0.660,0.514,0.749
1708.000,0.653,0.516,0.749
1709.000,0.660,0.510,0.750
1710.000,0.653,0.516,0.750
1711.000,0.663,0.510,0.751
1712.000,0.653,0.518,0.751
1713.000,0.671,0.503,0.752
1714.000,0.653,0.524,0.753
1715.000,0.659,0.511,0.753
1716.000,0.660,0.514,0.754
1717.000,0.667,0.509,0.754
1718.000,0.663,0.515,0.755
1719.000,0.653,0.521,0.755
1720.000,0.658,0.513,0.756
1721.000,0.667,0.506,0.756
1722.000,0.657,0.520,0.757
1723.000,0.663,0.511,0.757
1724.000,0.653,0.519,0.758
1725.000,0.667,0.506,0.758
1726.000,0.657,0.520,0.759
1727.000,0.653,0.515,0.759
1728.000,0.660,0.513,0.760
1729.000,0.670,0.507,0.760
1730.000,0.660,0.520,0.761
1731.000,0.663,0.511,0.762
1732.000,0.657,0.516,0.762
1733.000,0.656,0.515,0.763
1734.000,0.660,0.514,0.763
1735.000,0.659,0.514,0.764
1736.000,0.694,0.504,0.764
1737.000,0.667,0.521,0.765
1738.000,0.663,0.517,0.765
1739.000,0.663,0.514,0.766
1740.000,0.653,0.521,0.766
1741.000,0.660,0.511,0.767
1742.000,0.672,0.509,0.767
1743.000,0.664,0.517,0.768
1744.000,0.667,0.514,0.768
1745.000,0.654,0.521,0.769
1746.000,0.671,0.505,0.769
1747.000,0.664,0.518,0.770
1748.000,0.663,0.514,0.771
1749.000,0.653,0.519,0.771
1750.000,0.663,0.509,0.772
1751.000,0.663,0.514,0.772
1752.000,0.472,0.519,0.773
1753.000,0.656,0.515,0.773
1754.000,0.659,0.513,0.774
1755.000,0.667,0.509,0.774
1756.000,0.656,0.520,0.775
1757.000,0.663,0.510,0.775
1758.000,0.667,0.511,0.776
1759.000,0.655,0.512,0.776
1760.000,0.663,0.510,0.777
1761.000,0.657,0.518,0.777
1762.000,0.660,0.512,0.778
1763.000,0.659,0.513,0.778
1764.000,0.666,0.511,0.779
1765.000,0.656,0.520,0.779
1766.000,0.667,0.508,0.780
1767.000,0.667,0.513,0.780
1768.000,0.653,0.523,0.781
1769.000,0.657,0.514,0.782
1770.000,0.667,0.509,0.782
1771.000,0.664,0.512,0.783
1772.000,0.671,0.513,0.783
1773.000,0.663,0.519,0.784
1774.000,0.663,0.515,0.784
1775.000,0.663,0.515,0.785
1776.000,0.681,0.512,0.785
1777.000,0.660,0.519,0.786
1778.000,0.659,0.514,0.786
1779.000,0.670,0.511,0.787
1780.000,0.656,0.521,0.787
1781.000,0.653,0.517,0.788
1782.000,0.656,0.513,0.788
1783.000,0.663,0.511,0.789
1784.000,0.660,0.517,0.789
1785.000,0.660,0.515,0.790
1786.000,0.653,0.517,0.791
1787.000,0.663,0.510,0.791
1788.000,0.663,0.515,0.792
1789.000,0.659,0.518,0.792
1790.000,0.659,0.513,0.793
1791.000,0.656,0.516,0.793
1792.000,0.667,0.509,0.794
1793.000,0.666,0.514,0.794
1794.000,0.653,0.522,0.795
1795.000,0.663,0.509,0.795
1796.000,0.666,0.511,0.796
1797.000,0.653,0.523,0.796
1798.000,0.653,0.514,0.797
1799.000,0.663,0.512,0.797
1800.000,0.663,0.513,0.798
1801.000,0.653,0.520,0.798
1802.000,0.489,0.506,0.799
1803.000,0.653,0.523,0.799
1804.000,0.670,0.507,0.800
1805.000,0.667,0.515,0.800
1806.000,0.673,0.512,0.801
1807.000,0.660,0.524,0.802
1808.000,0.660,0.517,0.802
1809.000,0.663,0.512,0.803
1810.000,0.676,0.510,0.803
1811.000,0.653,0.527,0.804
1812.000,0.653,0.517,0.804
1813.000,0.656,0.512,0.805
1814.000,0.666,0.510,0.805
1815.000,0.658,0.520,0.806
1816.000,0.653,0.518,0.806
1817.000,0.663,0.510,0.807
1818.000,0.680,0.504,0.807
1819.000,0.667,0.525,0.808
1820.000,0.660,0.517,0.808
1821.000,0.660,0.515,0.809
1822.000,0.660,0.512,0.809
1823.000,0.653,0.520,0.810
1824.000,0.663,0.511,0.811
1825.000,0.663,0.515,0.811
1826.000,0.657,0.517,0.812
1827.000,0.663,0.512,0.812
1828.000,0.660,0.493,0.813
1829.000,0.657,0.520,0.813
1830.000,0.663,0.511,0.814
1831.000,0.673,0.509,0.814
1832.000,0.662,0.522,0.815
1833.000,0.663,0.515,0.815
1834.000,0.653,0.519,0.816
1835.000,0.660,0.513,0.816
1836.000,0.652,0.518,0.817
1837.000,0.656,0.515,0.817
1838.000,0.663,0.512,0.818
1839.000,0.652,0.520,0.818
1840.000,0.662,0.509,0.819
1841.000,0.666,0.513,0.819
1842.000,0.666,0.516,0.820
1843.000,0.659,0.519,0.821
1844.000,0.652,0.518,0.821
1845.000,0.652,0.516,0.822
1846.000,0.658,0.513,0.822
1847.000,0.673,0.504,0.823
1848.000,0.653,0.527,0.823
1849.000,0.658,0.515,0.824
1850.000,0.663,0.514,0.824
1851.000,0.660,0.514,0.825
1852.000,0.485,0.510,0.825
1853.000,0.660,0.521,0.826
1854.000,0.649,0.520,0.826
1855.000,0.659,0.511,0.827
1856.000,0.659,0.514,0.827
1857.000,0.663,0.515,0.828
1858.000,0.659,0.519,0.828
1859.000,0.656,0.516,0.829
1860.000,0.653,0.517,0.829
1861.000,0.663,0.512,0.830
1862.000,0.663,0.513,0.830
1863.000,0.666,0.515,0.831
1864.000,0.659,0.521,0.831
1865.000,0.660,0.513,0.832
1866.000,0.659,0.516,0.833
1867.000,0.656,0.518,0.833
1868.000,0.660,0.514,0.834
1869.000,0.658,0.516,0.834
1870.000,0.666,0.512,0.835
1871.000,0.659,0.519,0.835
1872.000,0.660,0.517,0.836
1873.000,0.656,0.517,0.836
1874.000,0.663,0.513,0.837
1875.000,0.653,0.519,0.837
1876.000,0.653,0.517,0.838
1877.000,0.666,0.509,0.838
1878.000,0.666,0.516,0.839
1879.000,0.653,0.521,0.839
1880.000,0.658,0.514,0.840
1881.000,0.659,0.515,0.840
1882.000,0.660,0.516,0.841
1883.000,0.666,0.513,0.842
1884.000,0.653,0.524,0.842
1885.000,0.656,0.514,0.843
1886.000,0.653,0.518,0.843
1887.000,0.653,0.517,0.844
1888.000,0.663,0.512,0.844
1889.000,0.670,0.512,0.845
1890.000,0.666,0.518,0.845
1891.000,0.659,0.518,0.846
1892.000,0.653,0.518,0.846
1893.000,0.658,0.514,0.847
1894.000,0.667,0.510,0.847
1895.000,0.667,0.513,0.848
1896.000,0.653,0.524,0.848
1897.000,0.630,0.525,0.849
1898.000,0.663,0.478,0.849
1899.000,0.666,0.512,0.850
1900.000,0.653,0.522,0.850
1901.000,0.658,0.516,0.851
1902.000,0.468,0.525,0.851
1903.000,0.666,0.506,0.852
1904.000,0.670,0.513,0.852
1905.000,0.663,0.520,0.853
1906.000,0.663,0.517,0.854
1907.000,0.659,0.518,0.854
1908.000,0.660,0.516,0.855
1909.000,0.660,0.515,0.855
1910.000,0.653,0.521,0.856
1911.000,0.652,0.517,0.856
1912.000,0.659,0.512,0.857
1913.000,0.667,0.518,0.857
1914.000,0.659,0.513,0.858
1915.000,0.663,0.513,0.858
1916.000,0.653,0.521,0.859
1917.000,0.659,0.512,0.859
1918.000,0.663,0.516,0.860
1919.000,0.656,0.521,0.860
1920.000,0.656,0.517,0.861
1921.000,0.673,0.512,0.861
1922.000,0.656,0.519,0.862
1923.000,0.659,0.515,0.862
1924.000,0.659,0.515,0.863
1925.000,0.658,0.517,0.864
1926.000,0.656,0.518,0.864
1927.000,0.663,0.513,0.865
1928.000,0.649,0.523,0.865
1929.000,0.663,0.509,0.866
1930.000,0.659,0.517,0.866
1931.000,0.663,0.516,0.867
1932.000,0.659,0.519,0.867
1933.000,0.660,0.514,0.868
1934.000,0.659,0.517,0.868
1935.000,0.663,0.514,0.869
1936.000,0.659,0.516,0.869
1937.000,0.663,0.513,0.870
1938.000,0.653,0.522,0.870
1939.000,0.662,0.513,0.871
1940.000,0.661,0.519,0.871
1941.000,0.654,0.528,0.872
1942.000,0.650,0.531,0.873
1943.000,0.653,0.527,0.873
1944.000,0.653,0.530,0.874
1945.000,0.658,0.528,0.874
1946.000,0.645,0.544,0.875
1947.000,0.644,0.539,0.875
1948.000,0.657,0.536,0.876
1949.000,0.651,0.554,0.876
1950.000,0.654,0.554,0.877
1951.000,0.642,0.579,0.877
1952.000,0.470,0.580,0.878
1953.000,0.640,0.584,0.878
1954.000,0.643,0.588,0.879
1955.000,0.636,0.601,0.879
1956.000,0.632,0.603,0.880
1957.000,0.634,0.607,0.880
1958.000,0.639,0.612,0.881
1959.000,0.632,0.625,0.881
1960.000,0.634,0.617,0.882
1961.000,0.627,0.617,0.882
1962.000,0.633,0.612,0.883
1963.000,0.642,0.612,0.883
1964.000,0.631,0.624,0.884
1965.000,0.620,0.621,0.884
1966.000,0.623,0.610,0.885
1967.000,0.696,0.589,0.885
1968.000,0.624,0.630,0.886
1969.000,0.621,0.606,0.886
1970.000,0.620,0.608,0.887
1971.000,0.620,0.602,0.887
1972.000,0.615,0.603,0.888
1973.000,0.613,0.605,0.888
1974.000,0.603,0.606,0.889
1975.000,0.607,0.599,0.889
1976.000,0.600,0.605,0.890
1977.000,0.603,0.599,0.890
1978.000,0.504,0.286,0.891
1979.000,0.480,0.065,0.891
1980.000,0.467,0.068,0.891
1981.000,0.470,0.067,0.892
1982.000,0.639,0.109,0.892
1983.000,0.659,0.126,0.893
1984.000,0.690,0.124,0.893
1985.000,0.650,0.128,0.894
1986.000,0.658,0.127,0.894
1987.000,0.657,0.124,0.895
1988.000,0.267,0.131,0.895
1989.000,0.204,0.006,0.895
1990.000,0.211,0.005,0.895
1991.000,0.541,0.413,0.896
1992.000,0.658,0.652,0.896
1993.000,0.630,0.681,0.897
1994.000,0.627,0.681,0.897
1995.000,0.630,0.682,0.898
1996.000,0.633,0.679,0.898
1997.000,0.633,0.682,0.899
1998.000,0.620,0.689,0.899
1999.000,0.624,0.682,0.900
2000.000,0.630,0.674,0.900
2001.000,0.630,0.684,0.901
2002.000,0.462,0.680,0.901
2003.000,0.624,0.689,0.902
2004.000,0.630,0.677,0.902
2005.000,0.634,0.665,0.903
2006.000,0.736,0.652,0.903
2007.000,0.627,0.723,0.904
2008.000,0.647,0.657,0.904
2009.000,0.637,0.687,0.905
2010.000,0.673,0.670,0.905
2011.000,0.641,0.695,0.906
2012.000,0.680,0.668,0.906
2013.000,0.637,0.698,0.907
2014.000,0.624,0.691,0.907
2015.000,0.640,0.671,0.908
2016.000,0.637,0.684,0.909
2017.000,0.627,0.691,0.909
2018.000,0.615,0.690,0.910
2019.000,0.278,0.657,0.910
2020.000,0.366,0.526,0.910
2021.000,0.373,0.306,0.910
2022.000,0.405,0.408,0.911
2023.000,0.812,0.530,0.911
2024.000,0.830,0.600,0.912
2025.000,0.636,0.655,0.912
2026.000,0.633,0.613,0.913
2027.000,0.833,0.572,0.914
2028.000,0.572,0.771,0.914
2029.000,0.421,0.283,0.914
2030.000,0.725,0.540,0.915
2031.000,0.947,0.595,0.916
2032.000,0.950,0.629,0.917
2033.000,0.936,0.651,0.917
2034.000,0.943,0.640,0.918
2035.000,0.926,0.639,0.919
2036.000,0.942,0.627,0.920
2037.000,0.936,0.645,0.920
2038.000,0.918,0.651,0.921
2039.000,0.634,0.727,0.922
2040.000,0.610,0.622,0.922
2041.000,0.623,0.592,0.923
2042.000,0.691,0.496,0.923
2043.000,0.678,0.576,0.924
2044.000,0.683,0.587,0.924
2045.000,0.672,0.602,0.925
2046.000,0.648,0.613,0.925
2047.000,0.654,0.605,0.926
2048.000,0.659,0.728,0.926
2049.000,0.628,0.826,0.927
2050.000,0.618,0.814,0.927
2051.000,0.612,0.814,0.928
2052.000,0.490,0.614,0.928
2053.000,0.453,0.166,0.929
2054.000,0.207,0.017,0.929
2055.000,0.205,0.006,0.929
2056.000,0.201,0.005,0.929
2057.000,0.202,0.005,0.929
2058.000,0.206,0.004,0.929
2059.000,0.386,0.159,0.930
2060.000,0.656,0.547,0.930
2061.000,0.652,0.336,0.931
2062.000,0.857,0.267,0.931
2063.000,0.872,0.500,0.932
2064.000,0.683,0.554,0.933
2065.000,0.830,0.532,0.933
2066.000,0.678,0.583,0.934
2067.000,0.652,0.577,0.934
2068.000,0.645,0.570,0.935
2069.000,0.667,0.552,0.935
2070.000,0.805,0.568,0.936
2071.000,0.641,0.624,0.937
2072.000,0.638,0.594,0.937
2073.000,0.635,0.598,0.938
2074.000,0.631,0.603,0.938
2075.000,0.623,0.610,0.939
2076.000,0.623,0.606,0.939
2077.000,0.626,0.601,0.940
2078.000,0.619,0.607,0.940
2079.000,0.617,0.610,0.941
2080.000,0.619,0.609,0.941
2081.000,0.609,0.619,0.942
2082.000,0.609,0.611,0.942
2083.000,0.612,0.611,0.943
2084.000,0.616,0.609,0.943
2085.000,0.598,0.624,0.944
2086.000,0.608,0.604,0.944
2087.000,0.615,0.607,0.944
2088.000,0.604,0.614,0.945
2089.000,0.617,0.601,0.945
2090.000,0.609,0.615,0.946
2091.000,0.603,0.614,0.946
2092.000,0.597,0.617,0.947
2093.000,0.597,0.613,0.947
2094.000,0.603,0.608,0.948
2095.000,0.602,0.614,0.948
2096.000,0.610,0.605,0.949
2097.000,0.604,0.621,0.949
2098.000,0.601,0.616,0.950
2099.000,0.363,0.436,0.950
2100.000,0.206,0.007,0.950
2101.000,0.401,0.249,0.951
2102.000,0.604,0.425,0.951
2103.000,0.652,0.660,0.952
2104.000,0.616,0.623,0.952
2105.000,0.616,0.614,0.953
2106.000,0.598,0.623,0.953
2107.000,0.616,0.605,0.954
2108.000,0.613,0.617,0.954
2109.000,0.609,0.599,0.955
2110.000,0.665,0.462,0.955
2111.000,0.658,0.504,0.956
2112.000,0.658,0.503,0.956
2113.000,0.665,0.498,0.957
2114.000,0.662,0.505,0.957
2115.000,0.668,0.504,0.958
2116.000,0.638,0.532,0.958
2117.000,0.646,0.401,0.959
2118.000,0.662,0.398,0.959
2119.000,0.671,0.399,0.960
2120.000,0.650,0.409,0.960
2121.000,0.667,0.367,0.961
2122.000,0.672,0.122,0.961
2123.000,0.628,0.147,0.962
2124.000,0.633,0.147,0.962
2125.000,0.627,0.151,0.963
2126.000,0.679,0.237,0.963
2127.000,0.672,0.204,0.964
2128.000,0.686,0.221,0.965
2129.000,0.661,0.237,0.965
2130.000,0.673,0.232,0.966
2131.000,0.674,0.237,0.966
2132.000,0.654,0.243,0.967
2133.000,0.662,0.239,0.967
2134.000,0.656,0.237,0.968
2135.000,0.647,0.223,0.968
2136.000,0.658,0.219,0.969
2137.000,0.662,0.222,0.969
2138.000,0.660,0.225,0.970
2139.000,0.650,0.226,0.970
2140.000,0.654,0.224,0.971
2141.000,0.665,0.222,0.971
2142.000,0.661,0.255,0.972
2143.000,0.959,0.353,0.973
2144.000,0.852,0.287,0.973
2145.000,0.869,0.245,0.974
2146.000,0.868,0.256,0.975
2147.000,0.884,0.288,0.975
2148.000,0.830,0.359,0.976
2149.000,0.876,0.514,0.977
2150.000,0.799,0.591,0.978
2151.000,0.695,0.597,0.978
2152.000,0.515,0.609,0.978
2153.000,0.630,0.676,0.979
2154.000,0.624,0.638,0.979
2155.000,0.610,0.631,0.980
2156.000,0.607,0.622,0.980
2157.000,0.605,0.575,0.981
2158.000,0.642,0.137,0.981
2159.000,0.648,0.139,0.982
2160.000,0.645,0.138,0.982
2161.000,0.633,0.136,0.983
2162.000,0.639,0.136,0.984
2163.000,0.658,0.137,0.984
2164.000,0.655,0.137,0.985
2165.000,0.625,0.137,0.985
2166.000,0.617,0.137,0.986
2167.000,0.649,0.137,0.986
2168.000,0.650,0.138,0.987
2169.000,0.639,0.137,0.987
2170.000,0.656,0.136,0.988
2171.000,0.626,0.137,0.988
2172.000,0.661,0.135,0.989
2173.000,0.640,0.138,0.989
2174.000,0.654,0.138,0.990
2175.000,0.603,0.139,0.990
2176.000,0.651,0.135,0.991
2177.000,0.672,0.137,0.991
2178.000,0.661,0.136,0.992
2179.000,0.632,0.170,0.992
2180.000,0.203,0.007,0.992
2181.000,0.208,0.007,0.993
2182.000,0.208,0.006,0.993
2183.000,0.209,0.006,0.993
2184.000,0.207,0.006,0.993
2185.000,0.208,0.006,0.993
2186.000,0.212,0.006,0.993
2187.000,0.212,0.006,0.994
2188.000,0.209,0.006,0.994
2189.000,0.209,0.006,0.994
2190.000,0.208,0.005,0.994
2191.000,0.208,0.005,0.994
2192.000,0.207,0.005,0.994
2193.000,0.209,0.005,0.995
2194.000,0.207,0.004,0.995
2195.000,0.208,0.004,0.995
2196.000,0.369,0.199,0.995
2197.000,0.663,0.548,0.996
2198.000,0.633,0.608,0.996
2199.000,0.608,0.620,0.997
2200.000,0.559,0.562,0.997
2201.000,0.647,0.583,0.998
2202.000,0.450,0.618,0.998
2203.000,0.611,0.615,0.999
2204.000,0.619,0.605,0.999
2205.000,0.607,0.617,1.000
2206.000,0.554,0.664,1.000
